,Method,Perfermance,Percentage Profit,Profit Factor,Percentage Drawdown,Recovery Factor,Sharpe Ratio,Sortino Ratio
benchmark,,mean,0.03120564166666599,1.0371605349944597,1.1667193272396037,0.14943199127466145,-0.5305599103854232,-0.4643547557465415
benchmark,,std,1.021714239386636,0.6302440677970595,0.35685537696998415,1.013720156145877,3.4336177286694385,5.79333946007604
benchmark,,wse,-1.2699414000000075,0.31971646402298864,0.7373873322624852,-0.9053793564836898,-6.570995895453544,-11.190403809494184
ensemble,,mean,0.24188810000000024,1.4154280787126938,0.5160619906790378,0.791343593591607,1.272110149493901,2.1385705585803794
ensemble,,std,0.522591639148806,0.7225101742389635,0.303331822934457,1.4217708521753576,2.8752168678974526,5.229664009265606
ensemble,,wse,-0.6729294999999968,0.546018111120099,0.1742744000000016,-0.7025573993674173,-3.8560292591183845,-7.815810388213382
svr,,mean,0.06198633333333129,1.3561371499928558,0.4996826231384572,0.9634733647674244,0.7203688113796326,2.3651750066486383
svr,,std,0.5312398138633474,0.9923849348763012,0.2900659500970538,2.0802451890552534,3.7906707581582895,8.014170049586873
svr,,wse,-0.6730395000000056,0.5090870101324205,0.16361679999999978,-0.7412593797399909,-4.120684204286785,-6.522474960863724
