,Method,Perfermance,Percentage Profit,Profit Factor,Percentage Drawdown,Recovery Factor,Sharpe Ratio,Sortino Ratio
monthly,,mean,0.03120564166666599,1.0371605349944597,1.1667193272396037,0.14943199127466145,-0.5305599103854232,-0.4643547557465415
monthly,,std,1.021714239386636,0.6302440677970595,0.35685537696998415,1.013720156145877,3.4336177286694385,5.79333946007604
monthly,,wse,-1.2699414000000075,0.31971646402298864,0.7373873322624852,-0.9053793564836898,-6.570995895453544,-11.190403809494184
quaterly,,mean,-0.08080120000000153,1.0813260918515253,0.6709110590208726,0.4694884745554119,-0.12958293401632406,0.018086560308965566
quaterly,,std,0.6176512296190738,0.5702246910849981,0.4448954821223312,1.5625173534104446,3.2317646976568195,5.922988205747264
quaterly,,wse,-1.1694542999999946,0.4625069096644042,0.18375660898240737,-0.7457917592074896,-4.306969590994525,-8.494165725573762
